model,accuracy,f1
MNV2_1,0.46488145512060103,0.4101199165626281
ENB0_1,0.8867239224990116,0.886824282074382
LN_1,0.4933108738631871,0.4601366042745011
RN50_1,0.615470462633452,0.6046291072460015

